{"type":"Topology","transform":{"scale":[0.0004444069048796869,0.00037220018218610544],"translate":[-2.173671270982183,39.846778148850944]},"arcs":[[[3213,8262],[29,-64],[78,-51],[44,15],[38,-54],[129,-84],[9,-80],[54,13],[52,-75],[52,29],[10,49],[34,42],[151,-79],[78,32],[32,-23],[68,47],[37,50],[94,17],[152,-88],[133,-62],[57,19],[11,-64],[25,-6],[65,-86],[7,-38],[85,-7],[9,-50],[108,-38],[38,0],[54,47],[53,-18],[95,57],[37,-19],[156,72],[79,-27],[36,-26],[58,3],[41,-72],[55,-49],[64,37],[3,48],[47,16],[32,36],[74,-30],[5,-36],[60,-25],[78,6],[55,19],[80,-22],[39,24],[123,-14],[39,11],[95,-14],[57,-41],[48,-54],[30,-102],[134,-30],[-19,-96],[-40,-86],[-36,-25],[-10,-52],[35,-13],[-90,-92],[28,-42],[5,-63],[55,-57],[23,-78],[-51,-52],[80,-46],[-41,-30],[54,-39],[-45,-58],[-27,-143],[-40,-61],[-37,-141],[35,-25],[-41,-31],[14,-79],[-15,-63],[-22,-17],[-75,-186],[24,-30],[-18,-34],[-70,-21],[-35,-66],[-35,5],[-56,-60],[-12,-38],[91,-28],[-23,-101],[29,-38],[-109,-44],[-30,-89],[-75,-1],[-61,-51],[-31,-97],[-139,-17],[-52,-51],[-36,-70],[-90,-86],[9,-60],[47,-81],[-18,-21],[9,-60],[118,-18],[59,26],[17,-47],[-13,-53],[36,-60],[-63,-68],[-46,-71],[-126,-30],[17,-96],[-17,-82],[-49,-53],[86,-59],[33,-49],[-53,-61],[47,-45],[-10,-28],[45,-67],[-26,-92],[-37,-52],[-39,15],[-40,-15],[-37,-107],[-6,-57],[-68,-42],[-29,1],[-26,-50],[-68,2],[-39,-76],[0,-49],[44,-8],[-7,-48],[28,-65],[73,-35],[4,-44],[38,-62],[7,-61],[-23,-75],[-46,-45],[-17,-86],[19,-37],[-8,-47],[61,-95],[-46,-56],[-54,-36],[-10,-50],[-39,-2],[-49,-46],[-29,13],[-35,-88],[-40,-12],[-71,24],[-89,-34],[-69,-63],[-35,11],[4,49],[-30,41],[-85,5],[-21,-21],[-73,13],[-140,70],[-86,95],[-73,-12],[-60,-81],[-18,-72],[-9,-98],[-98,-30],[-62,-48],[-49,49],[-61,-7],[-57,-43],[23,-28],[-19,-74],[129,-56],[63,25],[-11,-104],[20,-79],[-25,-71],[60,-56],[7,-49],[-49,-30],[-98,-29],[-17,-40],[26,-43],[58,-44],[60,-95],[-76,-42],[-99,-122],[-47,-7],[-46,-38],[38,-47],[-3,-38],[-152,-78],[-44,8],[-53,-26],[-70,23],[-41,39],[-31,-137],[-36,-75],[7,-47],[-37,-64],[-46,-9],[-48,-70],[33,-82],[-72,-11],[-40,-43],[-44,-20],[-43,7],[-36,-21],[-98,7],[-13,-87],[-50,-52],[-100,-28],[-26,-85],[37,-110],[57,-39],[15,-30],[-68,-26],[-89,-66],[-47,14],[-49,43],[6,87],[-14,47],[25,38],[-48,75],[-48,9],[-96,49],[-85,-19],[-72,16],[-106,-15],[-50,-32],[-34,24],[-12,45],[-40,58],[66,13],[116,57],[28,65],[-90,87],[-49,13],[-32,45],[-133,-11],[-68,9],[-29,24],[9,43],[-86,88],[-28,75],[-32,13],[-27,-52],[8,-103],[-79,-45],[-20,24],[-62,-11],[-130,29],[15,33],[5,105],[-78,-31],[-82,50],[-66,-33],[-70,60],[-49,61],[-35,17],[-113,105],[-15,34],[-54,40],[-47,-47],[-42,30],[20,27],[52,9],[-51,64],[-50,33],[-80,106],[-57,18],[122,172],[31,25],[96,40],[-21,145],[36,105],[116,-1],[80,-47],[119,89],[-43,52],[58,117],[8,77],[-53,87],[8,83],[35,29],[2,85],[-13,64],[-99,77],[-71,93],[-13,51],[41,78],[-21,43],[-40,24],[-58,69],[-31,15],[-94,80],[-73,74],[-50,68],[-71,61],[-150,50],[-48,69],[-94,14],[-36,76],[-24,15],[-65,-31],[-93,-13],[-53,-23],[-61,63],[-149,36],[-6,92],[-33,173],[-23,13],[7,83],[47,100],[67,64],[7,121],[34,56],[123,-31],[26,-20],[14,-114],[170,65],[11,57],[-10,88],[-63,64],[7,108],[24,53],[-59,83],[1,64],[79,10],[79,-17],[57,92],[53,14],[34,64],[103,-3],[9,65],[50,40],[-2,93],[-48,8],[15,38],[-51,73],[-61,27],[19,47],[57,64],[-9,96],[-40,28],[4,35],[-42,55],[3,153],[-21,30],[71,47],[53,8],[40,-23],[57,17],[74,-86],[107,-30],[29,37],[133,-43],[41,-63],[84,-35],[80,-11],[49,39],[65,0],[44,-23],[71,-7],[58,70],[31,11],[36,104],[60,97],[78,67],[-13,78],[-94,2],[-32,91],[-73,52],[2,81],[14,68],[-48,55],[-7,54],[37,63],[23,88],[-21,35],[105,129],[52,43],[-17,46],[-52,16],[38,80],[4,42],[59,68],[57,22],[38,66],[-31,45],[-3,65],[51,90],[88,-38],[53,20],[2,77],[70,50],[-21,29],[52,43],[10,64],[134,-3],[53,-13],[69,18],[14,73],[-15,43],[25,23],[133,14],[51,24],[52,80],[52,-1],[-1,45],[80,8],[39,61],[-20,164],[94,80],[-10,64],[81,57],[84,0]],[[2353,6999],[43,-28],[118,-19],[12,20],[-41,66],[-85,32],[-47,-71]],[[2306,6948],[-76,-22],[-12,-58],[66,18],[22,62]]],"objects":{"T02_Aragon_4326":{"type":"GeometryCollection","geometries":[{"arcs":[[0],[1],[2]],"type":"Polygon","properties":{"CCAA":"02"}}]}},"crs":{"type":"name","properties":{"name":"urn:ogc:def:crs:OGC:1.3:CRS84"}}}
