{"type":"Topology","transform":{"scale":[0.000363420966567661,0.0003003823012360725],"translate":[-2.173671270982183,39.846778148850944]},"arcs":[[[6905,5196],[-54,31],[-208,38],[-59,-82],[-58,-3],[-24,-22],[-88,5],[-68,-26],[-27,-28],[-12,-58],[-33,-44],[-192,14],[-74,18],[-35,92],[-56,30],[-16,-64],[58,-100],[-114,42],[-56,42],[-11,66],[-28,75],[-1,53],[-57,180],[-82,123],[-60,43],[-2,110],[-27,43],[30,29],[-136,41],[-102,-99],[-56,53],[-56,23],[-52,42],[-28,54],[-118,27],[-29,92],[-6,73],[-116,65],[-106,27],[-92,49],[-21,25],[-74,-11],[35,59],[-18,201],[-16,24],[-1,77],[-28,53],[-44,18],[-34,44],[-81,15],[-51,23],[23,49],[-97,50],[-76,150],[-105,-3],[-90,12],[-23,-23],[-113,13],[-97,54],[-87,37],[-98,79],[73,47],[15,64],[-21,18],[77,118],[65,46],[-1,-75],[47,-72],[65,46],[19,74],[-13,48],[24,63],[-18,24],[12,110],[-11,53],[23,80],[-20,7],[-10,82],[8,117],[84,109],[-43,148],[25,42],[-3,55],[-114,71],[-9,-49],[25,-46],[0,-53],[-27,-103],[-64,-146],[-22,-25],[-85,61],[-39,-27],[-52,23],[-38,-74],[-30,-29],[-45,16],[41,69],[39,36],[-9,33],[73,120],[28,23],[35,88],[-3,62],[61,-1],[-56,75],[-95,35],[-79,63],[-3,44],[74,66],[-48,37],[14,22],[-5,77],[-91,-26],[-3,67],[31,48],[50,6],[-3,70],[-53,-16],[-17,109],[45,-3],[11,86],[-16,63],[-47,81],[70,2],[39,36],[21,88],[-62,27],[-11,81],[16,54]],[[3502,9641],[1,59],[68,-6],[30,16],[48,75],[-34,42],[23,30],[-14,131],[115,100],[-12,79],[50,24],[49,46],[82,9],[51,-41],[5,-47],[43,-41],[52,-23],[54,19],[47,-66],[71,-38],[45,-51],[42,-15],[11,-100],[65,16],[33,-33],[-16,-51],[48,-8],[26,42],[37,-6],[12,60],[42,52],[91,-52],[67,-18],[27,-27],[95,39],[39,-29],[83,58],[45,62],[65,-1],[50,23],[81,-20],[4,-22],[101,-67],[163,-77],[70,24],[13,-80],[30,-7],[80,-107],[8,-47],[105,-8],[11,-62],[131,-48],[47,1],[66,57],[65,-22],[61,25],[55,46],[45,-24],[69,16],[14,25],[71,20],[37,29],[97,-34],[43,-32],[72,4],[49,-90],[68,-61],[78,46],[4,60],[57,20],[39,45],[34,-29],[57,-8],[6,-46],[74,-30],[95,7],[67,23],[36,-23],[62,-4],[48,30],[151,-18],[47,14],[116,-17],[69,-50],[22,-45],[38,-23],[19,-59],[-9,-41],[27,-26],[89,-28],[74,-9],[-24,-119],[-48,-106],[-44,-32],[-13,-65],[44,-15],[-65,-71],[-42,-3],[-3,-40],[33,-52],[6,-78],[68,-70],[-4,-45],[32,-53],[-63,-64],[99,-57],[-51,-37],[8,-36],[58,-13],[-54,-71],[-3,-52],[-31,-126],[-48,-75],[-16,-93],[-30,-82],[43,-31],[-50,-38],[17,-98],[-18,-78],[-27,-21],[-47,-105],[-13,-67],[-32,-59],[29,-37],[-21,-42],[-86,-26],[-43,-82],[-43,6],[-69,-74],[-14,-47],[111,-34],[-28,-127],[36,-46],[-71,-23],[0,-42],[-62,11],[-11,-64],[-26,-46],[-92,-2],[-32,-45],[-43,-19],[-26,-47],[-12,-72],[-169,-21],[-64,-63],[-44,-87],[-74,-59],[-36,-48],[11,-75],[58,-100],[-22,-26],[10,-74],[144,-23],[73,33],[20,-59],[-15,-65],[44,-74],[-77,-85],[-56,-87],[-74,-22],[-65,10],[-16,-26],[9,-59],[29,-35],[-22,-81],[-32,-66]],[[6587,4077],[28,-56],[-1,-49],[89,-44],[6,-55],[46,-77],[8,-74],[-27,-94],[-56,-56],[-21,-107],[22,-45],[-10,-58],[25,-58],[51,-61],[-38,-25],[-19,-44],[-66,-44],[-12,-62],[-48,-3],[-60,-57],[-36,16],[-33,-51],[-9,-57],[-49,-15],[-86,30],[-110,-43],[-84,-77],[-43,13],[5,60],[-36,52],[-104,5],[-26,-26],[-90,17],[-171,86],[-56,73],[5,36],[-54,9],[-88,-14],[-74,-101],[-22,-90],[-11,-120],[-40,-1],[-80,-37],[-76,-59],[-26,4],[-34,57],[-75,-9],[-70,-53],[29,-35],[-24,-92],[159,-69],[29,29],[47,2],[3,-69],[-16,-61],[25,-97],[-32,-89],[75,-69],[8,-60],[-60,-38],[-120,-35],[-21,-50],[32,-53],[71,-55],[15,-38],[45,-37],[14,-42],[-52,-42],[-42,-10],[-121,-151],[-57,-10],[-56,-46],[46,-59],[-3,-47],[-122,-68],[-65,-29],[-54,11],[-64,-32],[-86,28],[-50,48],[-37,-130],[-1,-39],[-44,-93],[8,-59],[-44,-79],[-56,-12],[-59,-86],[40,-102],[-88,-13],[-49,-54],[-54,-24],[-53,8],[-44,-26],[-119,8],[-16,-106],[-61,-65],[-123,-35],[-3,-55],[-29,-50],[45,-136],[70,-49],[19,-37],[-84,-32],[-108,-82],[-58,18],[-59,53],[7,108],[-17,58],[30,46],[-21,58],[-38,35],[-58,12],[-117,60],[-40,2],[-64,-24],[-88,19],[-130,-18],[-61,-40],[-42,29],[-14,56],[-44,38],[-5,34],[80,16],[143,71],[34,51],[-1,29],[-109,108],[-60,16],[-40,56],[-163,-14],[-82,11],[-36,30],[11,53],[-105,110],[-34,92],[-39,16],[-33,-64],[15,-69],[-6,-59],[-45,-14],[-51,-42],[-25,31],[-76,-14],[-84,26],[-75,10],[18,41],[7,130],[-95,-39],[-100,62],[-82,-41],[-85,74],[-60,76],[-42,21],[-139,131],[-18,42],[-66,49],[-30,-8],[-28,-50],[-45,-12],[-6,49],[24,34],[64,11],[-62,79],[-62,42],[-98,130],[-69,23],[6,51],[42,-3],[23,55],[79,110],[37,31],[117,49],[-25,180],[43,130],[54,7],[88,-8],[98,-59],[118,80],[28,31],[-53,65],[44,108],[27,36],[10,96],[-64,108],[-5,62],[15,40],[42,36],[2,106],[-15,78],[-40,49],[-31,-2],[-51,49],[-86,115],[-16,64],[28,31],[22,65],[-26,54]],[[1531,3652],[75,-25],[90,11],[125,56],[18,26],[89,-51],[4,30],[68,62],[-7,48],[-27,53],[3,38],[50,26],[48,4],[34,102],[88,50],[50,-4],[16,-47],[96,-26],[88,-3],[45,20],[49,75],[-49,79],[45,72],[123,53],[48,-39],[51,-11],[144,37],[23,26],[-11,43],[29,38],[56,-9],[73,-44],[56,-54],[41,11],[65,-14],[6,-129],[47,-10],[101,-56],[20,27],[69,32],[-7,40],[87,83],[65,-73],[86,-39],[94,28],[29,43],[-2,62],[23,54],[64,48],[103,-141],[60,-41],[60,59],[19,53],[76,92],[76,60],[-52,43],[-33,47],[-54,37],[96,61],[-12,212],[67,35],[29,-25],[128,-156],[46,-133],[61,34],[9,40],[-57,127],[-70,49],[-40,4],[-43,75],[2,71],[63,21],[15,-24],[85,4],[55,20],[63,-28],[26,-92],[76,-18],[51,2],[-13,-65],[63,-72],[97,-34],[92,-69],[66,47],[95,-96],[28,-39],[59,-9],[68,-78],[47,10],[67,-12],[84,-47],[49,-42],[80,-40],[69,3],[111,-71],[73,-32],[30,-97],[71,-85],[34,-59],[50,64],[5,29],[59,18],[111,-13],[76,-43],[56,24],[82,-10],[64,12]],[[6905,5196],[-43,-45],[105,-73],[40,-61],[-64,-75],[57,-56],[-13,-35],[55,-84],[-31,-112],[-46,-65],[-47,18],[-50,-19],[-45,-132],[-7,-71],[-84,-51],[-34,1],[-32,-62],[-84,3],[-48,-95],[1,-61],[54,-9],[-2,-35]],[[1531,3652],[-49,30],[-71,85],[-38,19],[-115,98],[-88,93],[-63,84],[-64,40],[-22,35],[-183,62],[-59,85],[-86,3],[-29,15],[-44,94],[-29,18],[-80,-37],[-114,-17],[-64,-29],[-68,52],[-7,26],[-183,45],[-7,115],[-40,214],[-28,16],[18,80],[-9,23],[38,61],[-18,60],[37,2],[82,80],[9,150],[42,69],[149,-38],[32,-25],[2,-74],[-24,-25],[39,-43],[54,6],[22,26],[86,24],[46,26],[44,-5],[-30,74],[-13,110],[-36,55],[-40,25],[17,98],[-9,36],[30,64],[-17,40],[-56,63],[2,79],[96,14],[96,-22],[27,60],[43,54],[66,18],[41,78],[126,-3],[19,13],[-8,68],[24,41],[37,8],[5,58],[27,26],[-34,31],[-60,10],[19,47],[-51,50],[-11,40],[-75,34],[24,58],[69,80],[-11,118],[-49,36],[4,43],[-50,68],[3,189],[-25,38],[86,58],[65,10],[49,-28],[70,20],[90,-106],[52,-23],[79,-14],[36,46],[162,-53],[51,-78],[102,-44],[99,-14],[59,48],[79,1],[54,-29],[87,-9],[30,19],[41,68],[38,14],[-11,46],[32,16],[23,67],[73,119],[96,83],[-16,98],[-115,3],[-36,66],[-4,46],[-88,64],[17,78],[-16,23],[18,83],[-9,31],[-50,38],[-8,66],[45,79],[28,110],[-26,42],[43,41],[86,120],[64,52],[-21,57],[-63,20],[46,99],[4,53],[72,84],[70,27],[47,82],[-6,46],[-32,9],[-4,81],[62,111],[108,-47],[65,25],[2,95],[86,62],[-26,37],[63,53],[13,79],[88,-8],[76,4],[65,-16],[84,23],[-3,52],[20,38],[-18,54],[31,28],[72,-1],[91,18],[61,30],[64,99],[61,-4]],[[2877,8673],[53,-35],[144,-24],[15,25],[-38,40],[-12,42],[-52,31],[-52,9],[-58,-88]],[[2820,8609],[-94,-27],[-13,-72],[80,22],[27,77]]],"objects":{"T02_Provincias_4326":{"type":"GeometryCollection","geometries":[{"arcs":[[0,1]],"type":"Polygon","properties":{"CPROV":"P22"}},{"arcs":[[2,3]],"type":"Polygon","properties":{"CPROV":"P44"}},{"arcs":[[-1,4,-4,5],[6],[7]],"type":"Polygon","properties":{"CPROV":"P50"}}]}},"crs":{"type":"name","properties":{"name":"urn:ogc:def:crs:OGC:1.3:CRS84"}}}
