{"type":"Topology","transform":{"scale":[0.0006714682072975416,0.0005449215755072262],"translate":[-2.17048684271758,39.84677814885094]},"arcs":[[[2578,5414],[-9,-56],[36,-28],[-27,-35],[-4,-56],[-35,-42],[51,-102],[-27,-33],[43,-31],[-6,-39],[38,-106],[-22,-37],[-48,12],[-52,-42],[-82,33],[-24,-10],[-44,-72],[6,-28],[-71,-25],[-33,18]],[[2268,4735],[-70,104],[-55,-54],[-70,15],[-39,-56],[-115,46]],[[1919,4790],[-26,189],[-33,21],[-167,2],[-1,46],[-132,25],[-52,-1]],[[1508,5072],[8,68],[124,-11],[46,12],[16,95],[121,26],[68,85],[53,5],[26,42],[-13,112],[62,55],[-6,43],[53,39],[44,5],[31,-49],[191,-118],[77,-97],[34,20],[29,61],[106,-51]],[[2967,5393],[-32,-30],[-5,-74],[22,-19],[-25,-213],[-38,-7],[12,-67],[-35,-29],[91,-23],[13,-111],[67,-22],[12,-45],[83,-28],[-86,-120],[69,-30]],[[3115,4575],[-123,-84]],[[2992,4491],[-91,22],[-19,59],[-191,17],[-10,-36],[-72,25],[-74,-4],[-79,29],[-88,67],[-45,-17],[-63,7],[8,75]],[[2578,5414],[67,4],[69,66],[62,12],[191,-103]],[[3882,5217],[-13,-99],[-28,-20],[-20,-187],[-71,30],[-43,-36],[-28,-85],[48,-65],[-54,-47],[29,-39],[85,-28],[-6,-51],[-49,-24],[-50,-102],[-49,-21],[-13,-52],[-48,-32]],[[3572,4359],[-61,-11],[-43,38],[-34,-55],[-55,17],[-43,-18],[-67,18],[-48,38],[19,45],[-63,6],[0,93],[-62,45]],[[2967,5393],[36,13],[67,-106],[60,-31],[7,-34],[96,-26],[71,20],[63,38],[24,-12],[103,49],[76,-36],[39,2],[63,-83],[45,58],[52,36],[52,-46],[61,-18]],[[4092,3869],[-48,34],[-112,-8],[5,46],[-56,58],[-42,75],[-93,-17],[-46,11]],[[3700,4068],[-37,72],[-42,44],[8,30],[-56,50],[-1,95]],[[3882,5217],[67,18],[249,-10],[70,-65],[20,-69],[88,-21],[-13,-65],[-50,-77],[17,-44],[-60,-63],[22,-71],[36,-39],[16,-53],[-34,-36],[53,-31],[8,-48],[-29,-39],[-19,-98],[-26,-41],[-28,-135],[9,-54],[-74,-182],[4,-43],[-47,-15],[-23,-45],[-46,-22]],[[1919,4790],[-35,-37],[94,-54],[-1,-75],[-73,-128],[72,-26],[46,-33],[-38,-66],[113,4],[10,-126],[-13,-176],[-35,-26],[-60,56],[-42,-65],[3,-46],[-45,-34]],[[1915,3958],[-90,10],[17,-128],[-113,-37],[-22,-27],[-81,-34]],[[1626,3742],[-53,9],[-138,-18],[-20,-51],[-87,60],[-63,-2],[-21,53]],[[1244,3793],[-67,67]],[[1177,3860],[61,124],[51,46],[-8,54],[-62,2],[-22,62],[-48,35],[11,101],[-37,75],[40,104],[-14,23],[104,118],[-46,42],[28,83],[77,62],[25,45],[-23,75],[34,61],[58,-25],[35,13],[1,53],[66,59]],[[1552,4781],[107,-33],[-19,59],[-56,22],[-32,-48]],[[2992,4491],[54,-76],[1,-64],[-28,-32],[17,-57],[52,-63],[-31,-138],[19,-84],[46,-16],[-32,-56],[-48,-41]],[[3042,3864],[-51,31],[-43,-16],[-56,25],[-61,-6],[-80,-47],[-28,31],[-6,124],[-75,46],[-16,-49],[-57,17],[-72,-48],[-31,11],[-88,-39],[-70,-66],[-64,-3]],[[2244,3875],[-171,-2],[-158,85]],[[3700,4068],[-24,-47]],[[3676,4021],[-34,1],[-67,-46],[-77,11],[-10,-44],[16,-69],[-34,-42],[-67,43],[-44,-10],[-35,-83],[-52,-72],[-14,-70]],[[3258,3640],[-47,-25],[-58,55],[2,26],[-95,47],[-18,121]],[[3676,4021],[2,-79],[-28,-4],[-32,-73],[43,-33],[-21,-42],[18,-46],[-55,-162],[-3,-49]],[[3600,3533],[-55,5],[-29,-36],[33,-51],[-131,-93],[-140,51]],[[3278,3409],[-51,130],[33,3],[35,56],[-37,42]],[[4092,3869],[-22,-41],[60,-19],[-15,-70],[20,-26],[-72,-29],[-20,-61],[-50,-1],[-41,-35],[-20,-66],[-92,-11],[-59,-83],[-51,-48]],[[3730,3379],[-74,32],[21,27],[-56,35],[-21,60]],[[3278,3409],[-72,-98],[26,-56],[-41,-91],[62,-60],[-30,-93],[56,-41],[-82,-125]],[[3197,2845],[-38,-67],[-35,30],[-111,-10]],[[3013,2798],[11,53],[-97,85],[10,45],[-35,33],[-93,17],[-61,-3],[-45,52],[68,37],[53,83],[-42,32],[-49,-14],[-48,-96],[-66,-2],[-62,69],[-86,29]],[[2471,3218],[-6,22],[-86,20],[-52,151],[-72,-2],[-67,32],[-15,54],[33,35],[-15,55],[1,118],[82,-57],[24,64],[-34,61],[-65,34],[45,70]],[[3730,3379],[-12,-25],[41,-83],[-6,-55],[78,-12],[66,-91],[-72,-95],[-84,-21],[11,-66],[-10,-55],[-33,-36],[78,-74],[-34,-42],[24,-50]],[[3777,2674],[-49,-37],[-76,23],[-54,-33],[-28,-46],[-81,18],[-26,-15],[-82,50],[-10,56],[37,13],[-17,57],[-144,18],[-50,67]],[[1244,3466],[-61,-9],[-95,-71],[-34,-90],[-62,-40]],[[992,3256],[-13,31],[-129,111],[-112,-11],[-78,60]],[[660,3447],[55,55],[44,75],[17,81],[43,36],[12,44],[53,8],[-5,60]],[[879,3806],[85,-20],[32,26],[119,-20],[62,68]],[[1244,3793],[-38,-47],[7,-77],[57,-76],[-37,-70],[11,-57]],[[992,3256],[44,-41]],[[1036,3215],[-62,-40],[-10,-55],[-60,-13],[-28,-102],[-79,-60],[-45,14],[-17,99],[-49,38],[-79,28],[-30,-17],[-64,28],[-51,68],[-16,48],[-55,5]],[[391,3256],[51,31],[22,43],[68,-1],[6,44],[50,73]],[[588,3446],[72,1]],[[1626,3742],[-44,-78],[-22,-72],[85,-24],[103,-85],[-13,-24],[-68,-8],[-53,-31],[-65,55],[-56,-36],[28,-57]],[[1521,3382],[-178,58],[-38,-26],[-61,52]],[[1521,3382],[-14,-56],[123,-69],[51,-11],[14,-38],[-94,-86],[82,-37],[-56,-87]],[[1627,2998],[-63,47],[-14,32]],[[1550,3077],[-52,3]],[[1498,3080],[-37,-22],[-97,2],[-37,-32],[-35,-66],[60,-110],[-79,-46],[-50,-13],[-13,-40]],[[1210,2753],[-53,38],[-65,-46],[-28,38],[30,46],[-110,130],[48,74],[39,0],[-9,143],[-26,39]],[[2471,3218],[-29,-114],[-53,-91],[-17,-96],[-39,-89]],[[2333,2828],[-37,27],[-36,-31],[-193,71],[-61,39],[-74,86],[-52,-9],[-25,-113],[8,-45],[-59,-20]],[[1804,2833],[-97,55],[-8,55],[-72,55]],[[1550,3077],[-52,3]],[[3013,2798],[18,-144],[-13,-46],[-57,46],[-44,-100],[-7,-88]],[[2910,2466],[-78,45],[-66,74],[-36,-26],[-102,57],[-34,40],[7,36],[-69,8],[-14,51]],[[2518,2751],[-20,10]],[[2498,2761],[-111,5]],[[2387,2766],[-54,62]],[[3777,2674],[30,-46],[-42,-98],[-52,0],[-29,-112],[-81,-62],[-45,1],[-26,-52],[29,-58]],[[3561,2247],[-110,-14],[-41,24],[-92,-3],[-31,-52]],[[3287,2202],[-56,80],[-16,53],[-99,58],[-38,-2],[-115,71],[-53,4]],[[1210,2753],[38,-87],[61,-78]],[[1309,2588],[-48,-36],[-43,51],[-31,-1],[-71,-43],[-62,-117],[-78,-18],[-105,61],[-66,-48],[-14,-41],[31,-48],[-147,-52],[-60,-79]],[[615,2217],[-67,63],[-99,34],[-32,47],[-62,10],[-40,62],[-140,-46],[-40,43],[-99,25],[-4,63],[-32,183],[31,68],[44,45],[5,82],[23,38],[98,-34],[9,-79],[113,45],[0,99],[-41,44],[21,109],[-40,57],[1,44],[104,-5],[23,42]],[[1804,2833],[-8,-52],[-35,-31],[18,-42],[40,-12],[-9,-59],[-63,-34]],[[1747,2603],[-80,-20],[-50,19],[-55,-22],[0,-62],[-41,-52],[-66,-1],[12,39],[-17,55],[-141,29]],[[2387,2766],[-22,-50],[23,-41],[59,-30],[32,-69],[-38,-42],[-25,74],[-85,100],[-36,-20],[6,-116],[-52,-34],[75,-70],[-41,-33],[-84,-113]],[[2199,2322],[-32,23],[-56,77],[-35,-26],[-27,-87],[-50,-16],[-83,62],[-43,-68],[-66,-31]],[[1807,2256],[-62,35],[-3,36],[42,71]],[[1784,2398],[27,65],[-23,30],[-41,110]],[[2518,2751],[-20,10]],[[2910,2466],[-30,-30],[7,-49],[-58,-24],[-77,-77],[-30,-56],[-1,-53]],[[2721,2177],[-114,93],[-44,7],[-31,-63],[-41,-22],[-111,65],[-76,15],[-50,38],[-52,-10]],[[2202,2300],[-3,22]],[[1784,2398],[-42,-36],[-57,2],[-70,54],[-30,5],[-23,-59],[-78,-21],[-54,28],[-66,-29],[-24,-40],[26,-44],[-26,-41],[-72,-9],[-88,42],[-47,-27],[-19,-57],[-53,-16],[17,-77],[-37,-34],[-60,-3],[-68,-31],[-89,8]],[[824,2013],[-148,128],[-61,76]],[[1807,2256],[-22,-97],[-114,-10],[-12,-22],[70,-44],[-54,-163],[-1,-70]],[[1674,1850],[-50,-60],[-48,2],[57,-87],[-30,-45],[-74,16],[-30,-29],[-103,-36],[4,-63],[-27,-53],[-74,-42],[-75,47],[-64,-8],[-115,-81]],[[1045,1411],[-54,78],[-51,0]],[[940,1489],[5,53],[-34,59],[28,76],[-7,102],[-66,53],[-55,98],[27,53],[-14,30]],[[2202,2300],[-91,-94],[13,-97],[100,-29],[67,-79],[-6,-52],[-30,-20],[-24,-86],[13,-35],[70,-6],[42,-155],[-43,-49],[5,-26]],[[2318,1572],[-20,-120],[-35,-70],[31,-43],[-25,-45],[-40,61],[-71,25]],[[2158,1380],[0,71],[-39,40],[-107,-14],[-69,81],[-87,69],[34,44],[-58,33],[-56,90],[18,49],[-120,7]],[[2721,2177],[-30,-31],[-44,-132],[-115,6],[-26,-40],[-51,-26],[-56,-83],[19,-42]],[[2418,1829],[-5,-32],[48,-28],[57,-109],[-5,-71],[-45,-31],[-53,31],[-79,24],[-18,-41]],[[3287,2202],[-17,-70],[-29,-47],[-67,-44],[33,-69],[-27,-174],[-61,-46],[-102,-29]],[[3017,1723],[-78,-2],[-40,-56],[-23,-66]],[[2876,1599],[-68,92],[19,58],[37,9],[-104,106],[-28,-11],[21,-84],[-62,-3],[-62,17],[-122,67],[-89,-21]],[[2158,1380],[-26,-56],[16,-92],[-74,3],[14,-108]],[[2088,1127],[47,-84],[-191,-37],[-46,7],[-22,-61],[-66,-24],